DocId,Age,Group,Id,Language,role,Gender
ale01.xml,P1Y4M28D,CHI,eng,Alex,Target_Child,male
ale02.xml,P1Y5M12D,CHI,eng,Alex,Target_Child,male
ale03.xml,P1Y5M26D,CHI,eng,Alex,Target_Child,male
ale04.xml,P1Y6M14D,CHI,eng,Alex,Target_Child,male
ale06.xml,P1Y7M7D,CHI,eng,Alex,Target_Child,male
ale07.xml,P1Y7M27D,CHI,eng,Alex,Target_Child,male
ale08.xml,P1Y8M11D,CHI,eng,Alex,Target_Child,male
ale09.xml,P1Y8M25D,CHI,eng,Alex,Target_Child,male
ale10.xml,P1Y9M8D,CHI,eng,Alex,Target_Child,male
ale11.xml,P1Y9M22D,CHI,eng,Alex,Target_Child,male
ale12.xml,P1Y10M6D,CHI,eng,Alex,Target_Child,male
ale13.xml,P1Y10M24D,CHI,eng,Alex,Target_Child,male
ale14.xml,P1Y11M3D,CHI,eng,Alex,Target_Child,male
ale15.xml,P1Y11M17D,CHI,eng,Alex,Target_Child,male
ale16.xml,P1Y11M28D,CHI,eng,Alex,Target_Child,male
ale17.xml,P2Y0M12D,CHI,eng,Alex,Target_Child,male
ale18.xml,P2Y1M2D,CHI,eng,Alex,Target_Child,male
ale19.xml,P2Y1M17D,CHI,eng,Alex,Target_Child,male
ale20.xml,P2Y2M,CHI,eng,Alex,Target_Child,male
ale21.xml,P2Y2M17D,CHI,eng,Alex,Target_Child,male
ale22.xml,P2Y3M,CHI,eng,Alex,Target_Child,male
ale23.xml,P2Y3M14D,CHI,eng,Alex,Target_Child,male
ale24.xml,P2Y3M27D,CHI,eng,Alex,Target_Child,male
ale25.xml,P2Y4M11D,CHI,eng,Alex,Target_Child,male
ale26.xml,P2Y4M25D,CHI,eng,Alex,Target_Child,male
ale27.xml,P2Y5M9D,CHI,eng,Alex,Target_Child,male
ale28.xml,P2Y5M23D,CHI,eng,Alex,Target_Child,male
ale29.xml,P2Y6M6D,CHI,eng,Alex,Target_Child,male
ale30.xml,P2Y6M20D,CHI,eng,Alex,Target_Child,male
ale31.xml,P2Y7M5D,CHI,eng,Alex,Target_Child,male
ale32.xml,P2Y7M24D,CHI,eng,Alex,Target_Child,male
ale33.xml,P2Y8M10D,CHI,eng,Alex,Target_Child,male
ale34.xml,P2Y8M16D,CHI,eng,Alex,Target_Child,male
ale35.xml,P2Y8M29D,CHI,eng,Alex,Target_Child,male
ale36.xml,P2Y9M13D,CHI,eng,Alex,Target_Child,male
ale37.xml,P2Y9M27D,CHI,eng,Alex,Target_Child,male
ale38.xml,P2Y10M11D,CHI,eng,Alex,Target_Child,male
ale39.xml,P2Y10M25D,CHI,eng,Alex,Target_Child,male
ale40.xml,P2Y11M8D,CHI,eng,Alex,Target_Child,male
ale41.xml,P2Y11M22D,CHI,eng,Alex,Target_Child,male
ale42.xml,P3Y0M6D,CHI,eng,Alex,Target_Child,male
ale43.xml,P3Y1M3D,CHI,eng,Alex,Target_Child,male
ale44.xml,P3Y1M19D,CHI,eng,Alex,Target_Child,male
ale45.xml,P3Y2M,CHI,eng,Alex,Target_Child,male
ale46.xml,P3Y2M14D,CHI,eng,Alex,Target_Child,male
ale47.xml,P3Y3M1D,CHI,eng,Alex,Target_Child,male
ale48.xml,P3Y3M13D,CHI,eng,Alex,Target_Child,male
ale49.xml,P3Y3M27D,CHI,eng,Alex,Target_Child,male
ale50.xml,P3Y4M10D,CHI,eng,Alex,Target_Child,male
ale51.xml,P3Y4M24D,CHI,eng,Alex,Target_Child,male
ale52.xml,P3Y5M16D,CHI,eng,Alex,Target_Child,male
eth01.xml,P0Y11M4D,CHI,eng,Ethan,Target_Child,male
eth02.xml,P0Y11M22D,CHI,eng,Ethan,Target_Child,male
eth03.xml,P1Y0M6D,CHI,eng,Ethan,Target_Child,male
eth04.xml,P1Y0M22D,CHI,eng,Ethan,Target_Child,male
eth05.xml,P1Y1M5D,CHI,eng,Ethan,Target_Child,male
eth06.xml,P1Y1M17D,CHI,eng,Ethan,Target_Child,male
eth07.xml,P1Y2M1D,CHI,eng,Ethan,Target_Child,male
eth08.xml,P1Y2M19D,CHI,eng,Ethan,Target_Child,male
eth09.xml,P1Y2M29D,CHI,eng,Ethan,Target_Child,male
eth10.xml,P1Y3M15D,CHI,eng,Ethan,Target_Child,male
eth11.xml,P1Y4M,CHI,eng,Ethan,Target_Child,male
eth12.xml,P1Y4M11D,CHI,eng,Ethan,Target_Child,male
eth13.xml,P1Y4M27D,CHI,eng,Ethan,Target_Child,male
eth14.xml,P1Y5M17D,CHI,eng,Ethan,Target_Child,male
eth15.xml,P1Y6M2D,CHI,eng,Ethan,Target_Child,male
eth16.xml,P1Y6M21D,CHI,eng,Ethan,Target_Child,male
eth17.xml,P1Y7M,CHI,eng,Ethan,Target_Child,male
eth18.xml,P1Y7M14D,CHI,eng,Ethan,Target_Child,male
eth19.xml,P1Y7M27D,CHI,eng,Ethan,Target_Child,male
eth20.xml,P1Y8M4D,CHI,eng,Ethan,Target_Child,male
eth21.xml,P1Y8M21D,CHI,eng,Ethan,Target_Child,male
eth22.xml,P1Y9M4D,CHI,eng,Ethan,Target_Child,male
eth23.xml,P1Y9M18D,CHI,eng,Ethan,Target_Child,male
eth24.xml,P1Y9M27D,CHI,eng,Ethan,Target_Child,male
eth25.xml,P1Y10M11D,CHI,eng,Ethan,Target_Child,male
eth26.xml,P1Y10M24D,CHI,eng,Ethan,Target_Child,male
eth27.xml,P1Y11M10D,CHI,eng,Ethan,Target_Child,male
eth28.xml,P1Y11M22D,CHI,eng,Ethan,Target_Child,male
eth29.xml,P2Y0M7D,CHI,eng,Ethan,Target_Child,male
eth30.xml,P2Y0M26D,CHI,eng,Ethan,Target_Child,male
eth31.xml,P2Y1M23D,CHI,eng,Ethan,Target_Child,male
eth32.xml,P2Y2M8D,CHI,eng,Ethan,Target_Child,male
eth33.xml,P2Y2M23D,CHI,eng,Ethan,Target_Child,male
eth34.xml,P2Y3M20D,CHI,eng,Ethan,Target_Child,male
eth35.xml,P2Y4M2D,CHI,eng,Ethan,Target_Child,male
eth36.xml,P2Y4M20D,CHI,eng,Ethan,Target_Child,male
eth37.xml,P2Y5M,CHI,eng,Ethan,Target_Child,male
eth38.xml,P2Y5M15D,CHI,eng,Ethan,Target_Child,male
eth39.xml,P2Y5M27D,CHI,eng,Ethan,Target_Child,male
eth40.xml,P2Y6M11D,CHI,eng,Ethan,Target_Child,male
eth41.xml,P2Y6M25D,CHI,eng,Ethan,Target_Child,male
eth42.xml,P2Y7M9D,CHI,eng,Ethan,Target_Child,male
eth43.xml,P2Y7M26D,CHI,eng,Ethan,Target_Child,male
eth44.xml,P2Y8M10D,CHI,eng,Ethan,Target_Child,male
eth45.xml,P2Y9M,CHI,eng,Ethan,Target_Child,male
eth46.xml,P2Y9M7D,CHI,eng,Ethan,Target_Child,male
eth47.xml,P2Y9M21D,CHI,eng,Ethan,Target_Child,male
eth48.xml,P2Y10M5D,CHI,eng,Ethan,Target_Child,male
eth49.xml,P2Y10M18D,CHI,eng,Ethan,Target_Child,male
eth50.xml,P2Y11M1D,CHI,eng,Ethan,Target_Child,male
lil01.xml,P1Y1M2D,CHI,eng,Lily,Target_Child,female
lil02.xml,P1Y1M18D,CHI,eng,Lily,Target_Child,female
lil03.xml,P1Y2M2D,CHI,eng,Lily,Target_Child,female
lil04.xml,P1Y2M13D,CHI,eng,Lily,Target_Child,female
lil05.xml,P1Y2M29D,CHI,eng,Lily,Target_Child,female
lil06.xml,P1Y3M13D,CHI,eng,Lily,Target_Child,female
lil07.xml,P1Y3M27D,CHI,eng,Lily,Target_Child,female
lil08.xml,P1Y3M23D,CHI,eng,Lily,Target_Child,female
lil09.xml,P1Y4M24D,CHI,eng,Lily,Target_Child,female
lil10.xml,P1Y5M8D,CHI,eng,Lily,Target_Child,female
lil11.xml,P1Y5M22D,CHI,eng,Lily,Target_Child,female
lil12.xml,P1Y6M11D,CHI,eng,Lily,Target_Child,female
lil13.xml,P1Y6M19D,CHI,eng,Lily,Target_Child,female
lil14.xml,P1Y7M1D,CHI,eng,Lily,Target_Child,female
lil15.xml,P1Y7M20D,CHI,eng,Lily,Target_Child,female
lil16.xml,P1Y8M3D,CHI,eng,Lily,Target_Child,female
lil17.xml,P1Y8M14D,CHI,eng,Lily,Target_Child,female
lil18.xml,P1Y8M28D,CHI,eng,Lily,Target_Child,female
lil19.xml,P1Y9M12D,CHI,eng,Lily,Target_Child,female
lil20.xml,P1Y9M26D,CHI,eng,Lily,Target_Child,female
lil21.xml,P1Y10M9D,CHI,eng,Lily,Target_Child,female
lil22.xml,P1Y10M23D,CHI,eng,Lily,Target_Child,female
lil23.xml,P1Y11M7D,CHI,eng,Lily,Target_Child,female
lil24.xml,P1Y11M27D,CHI,eng,Lily,Target_Child,female
lil25.xml,P2Y0M4D,CHI,eng,Lily,Target_Child,female
lil26.xml,P2Y0M11D,CHI,eng,Lily,Target_Child,female
lil27.xml,P2Y0M24D,CHI,eng,Lily,Target_Child,female
lil28.xml,P2Y1M1D,CHI,eng,Lily,Target_Child,female
lil29.xml,P2Y1M8D,CHI,eng,Lily,Target_Child,female
lil30.xml,P2Y1M15D,CHI,eng,Lily,Target_Child,female
lil31.xml,P2Y1M24D,CHI,eng,Lily,Target_Child,female
lil32.xml,P2Y2M1D,CHI,eng,Lily,Target_Child,female
lil33.xml,P2Y2M15D,CHI,eng,Lily,Target_Child,female
lil34.xml,P2Y2M15D,CHI,eng,Lily,Target_Child,female
lil35.xml,P2Y2M28D,CHI,eng,Lily,Target_Child,female
lil36.xml,P2Y3M5D,CHI,eng,Lily,Target_Child,female
lil37.xml,P2Y3M18D,CHI,eng,Lily,Target_Child,female
lil38.xml,P2Y4M2D,CHI,eng,Lily,Target_Child,female
lil39.xml,P2Y4M9D,CHI,eng,Lily,Target_Child,female
lil40.xml,P2Y4M16D,CHI,eng,Lily,Target_Child,female
lil42.xml,P2Y4M29D,CHI,eng,Lily,Target_Child,female
lil43.xml,P2Y5M6D,CHI,eng,Lily,Target_Child,female
lil44.xml,P2Y5M19D,CHI,eng,Lily,Target_Child,female
lil45.xml,P2Y5M27D,CHI,eng,Lily,Target_Child,female
lil46.xml,P2Y6M4D,CHI,eng,Lily,Target_Child,female
lil47.xml,P2Y6M12D,CHI,eng,Lily,Target_Child,female
lil48.xml,P2Y6M18D,CHI,eng,Lily,Target_Child,female
lil49a.xml,P2Y6M24D,CHI,eng,Lily,Target_Child,female
lil49b.xml,P2Y7M,CHI,eng,Lily,Target_Child,female
lil50.xml,P2Y7M1D,CHI,eng,Lily,Target_Child,female
lil51.xml,P2Y7M16D,CHI,eng,Lily,Target_Child,female
lil52.xml,P2Y7M22D,CHI,eng,Lily,Target_Child,female
lil53.xml,P2Y7M29D,CHI,eng,Lily,Target_Child,female
lil54.xml,P2Y8M6D,CHI,eng,Lily,Target_Child,female
lil55.xml,P2Y8M13D,CHI,eng,Lily,Target_Child,female
lil56.xml,P2Y8M20D,CHI,eng,Lily,Target_Child,female
lil57.xml,P2Y9M4D,CHI,eng,Lily,Target_Child,female
lil58.xml,P2Y9M9D,CHI,eng,Lily,Target_Child,female
lil59.xml,P2Y9M18D,CHI,eng,Lily,Target_Child,female
lil60.xml,P2Y9M24D,CHI,eng,Lily,Target_Child,female
lil61.xml,P2Y10M8D,CHI,eng,Lily,Target_Child,female
lil62.xml,P2Y10M26D,CHI,eng,Lily,Target_Child,female
lil63.xml,P2Y10M29D,CHI,eng,Lily,Target_Child,female
lil64.xml,P2Y11M6D,CHI,eng,Lily,Target_Child,female
lil65.xml,P2Y11M26D,CHI,eng,Lily,Target_Child,female
lil66.xml,P3Y0M3D,CHI,eng,Lily,Target_Child,female
lil67.xml,P3Y0M10D,CHI,eng,Lily,Target_Child,female
lil68.xml,P3Y0M26D,CHI,eng,Lily,Target_Child,female
lil69.xml,P3Y1M,CHI,eng,Lily,Target_Child,female
lil70.xml,P3Y1M22D,CHI,eng,Lily,Target_Child,female
lil71.xml,P3Y2M19D,CHI,eng,Lily,Target_Child,female
lil72.xml,P3Y3M24D,CHI,eng,Lily,Target_Child,female
lil73.xml,P3Y4M21D,CHI,eng,Lily,Target_Child,female
lil74.xml,P3Y5M29D,CHI,eng,Lily,Target_Child,female
lil76.xml,P3Y7M26D,CHI,eng,Lily,Target_Child,female
lil77.xml,P3Y8M24D,CHI,eng,Lily,Target_Child,female
lil78a.xml,P3Y9M28D,CHI,eng,Lily,Target_Child,female
lil78b.xml,P3Y9M28D,CHI,eng,Lily,Target_Child,female
lil79.xml,P3Y10M26D,CHI,eng,Lily,Target_Child,female
lil80.xml,P4Y0M2D,CHI,eng,Lily,Target_Child,female
nai01.xml,P0Y11M27D,CHI,eng,Naima,Target_Child,female
nai02.xml,P1Y0M14D,CHI,eng,Naima,Target_Child,female
nai03.xml,P1Y0M27D,CHI,eng,Naima,Target_Child,female
nai04.xml,P1Y1M11D,CHI,eng,Naima,Target_Child,female
nai05.xml,P1Y1M25D,CHI,eng,Naima,Target_Child,female
nai06.xml,P1Y2M7D,CHI,eng,Naima,Target_Child,female
nai07.xml,P1Y2M22D,CHI,eng,Naima,Target_Child,female
nai08.xml,P1Y3M7D,CHI,eng,Naima,Target_Child,female
nai09.xml,P1Y3M12D,CHI,eng,Naima,Target_Child,female
nai10.xml,P1Y3M26D,CHI,eng,Naima,Target_Child,female
nai11.xml,P1Y4M3D,CHI,eng,Naima,Target_Child,female
nai12.xml,P1Y4M10D,CHI,eng,Naima,Target_Child,female
nai13.xml,P1Y4M17D,CHI,eng,Naima,Target_Child,female
nai14.xml,P1Y4M24D,CHI,eng,Naima,Target_Child,female
nai15.xml,P1Y5M2D,CHI,eng,Naima,Target_Child,female
nai16.xml,P1Y5M11D,CHI,eng,Naima,Target_Child,female
nai17.xml,P1Y5M25D,CHI,eng,Naima,Target_Child,female
nai18.xml,P1Y6M4D,CHI,eng,Naima,Target_Child,female
nai19.xml,P1Y6M9D,CHI,eng,Naima,Target_Child,female
nai20.xml,P1Y6M21D,CHI,eng,Naima,Target_Child,female
nai21.xml,P1Y7M,CHI,eng,Naima,Target_Child,female
nai22.xml,P1Y7M10D,CHI,eng,Naima,Target_Child,female
nai23.xml,P1Y7M17D,CHI,eng,Naima,Target_Child,female
nai24.xml,P1Y7M24D,CHI,eng,Naima,Target_Child,female
nai25.xml,P1Y8M1D,CHI,eng,Naima,Target_Child,female
nai26.xml,P1Y8M8D,CHI,eng,Naima,Target_Child,female
nai27.xml,P1Y8M19D,CHI,eng,Naima,Target_Child,female
nai28.xml,P1Y8M22D,CHI,eng,Naima,Target_Child,female
nai29.xml,P1Y9M8D,CHI,eng,Naima,Target_Child,female
nai30.xml,P1Y9M15D,CHI,eng,Naima,Target_Child,female
nai31.xml,P1Y9M22D,CHI,eng,Naima,Target_Child,female
nai32.xml,P1Y9M26D,CHI,eng,Naima,Target_Child,female
nai33.xml,P1Y10M5D,CHI,eng,Naima,Target_Child,female
nai34.xml,P1Y10M12D,CHI,eng,Naima,Target_Child,female
nai35.xml,P1Y10M19D,CHI,eng,Naima,Target_Child,female
nai36.xml,P1Y10M28D,CHI,eng,Naima,Target_Child,female
nai37.xml,P1Y11M7D,CHI,eng,Naima,Target_Child,female
nai38.xml,P1Y11M17D,CHI,eng,Naima,Target_Child,female
nai39.xml,P1Y11M23D,CHI,eng,Naima,Target_Child,female
nai40.xml,P1Y11M27D,CHI,eng,Naima,Target_Child,female
nai41.xml,P2Y0M4D,CHI,eng,Naima,Target_Child,female
nai42.xml,P2Y0M12D,CHI,eng,Naima,Target_Child,female
nai43.xml,P2Y0M18D,CHI,eng,Naima,Target_Child,female
nai44.xml,P2Y1M,CHI,eng,Naima,Target_Child,female
nai45.xml,P2Y1M10D,CHI,eng,Naima,Target_Child,female
nai46.xml,P2Y1M17D,CHI,eng,Naima,Target_Child,female
nai47.xml,P2Y1M25D,CHI,eng,Naima,Target_Child,female
nai48.xml,P2Y2M2D,CHI,eng,Naima,Target_Child,female
nai49.xml,P2Y2M11D,CHI,eng,Naima,Target_Child,female
nai50.xml,P2Y2M17D,CHI,eng,Naima,Target_Child,female
nai51.xml,P2Y3M6D,CHI,eng,Naima,Target_Child,female
nai52.xml,P2Y3M17D,CHI,eng,Naima,Target_Child,female
nai53.xml,P2Y3M25D,CHI,eng,Naima,Target_Child,female
nai54.xml,P2Y4M11D,CHI,eng,Naima,Target_Child,female
nai55.xml,P2Y4M16D,CHI,eng,Naima,Target_Child,female
nai56.xml,P2Y4M25D,CHI,eng,Naima,Target_Child,female
nai57.xml,P2Y4M28D,CHI,eng,Naima,Target_Child,female
nai58.xml,P2Y5M7D,CHI,eng,Naima,Target_Child,female
nai59a.xml,P2Y5M14D,CHI,eng,Naima,Target_Child,female
nai59b.xml,P2Y5M15D,CHI,eng,Naima,Target_Child,female
nai59c.xml,P2Y5M17D,CHI,eng,Naima,Target_Child,female
nai59d.xml,P2Y5M19D,CHI,eng,Naima,Target_Child,female
nai59e.xml,P2Y5M20D,CHI,eng,Naima,Target_Child,female
nai60.xml,P2Y5M28D,CHI,eng,Naima,Target_Child,female
nai61.xml,P2Y6M11D,CHI,eng,Naima,Target_Child,female
nai62.xml,P2Y6M26D,CHI,eng,Naima,Target_Child,female
nai63.xml,P2Y7M3D,CHI,eng,Naima,Target_Child,female
nai64.xml,P2Y7M13D,CHI,eng,Naima,Target_Child,female
nai65.xml,P2Y7M21D,CHI,eng,Naima,Target_Child,female
nai66.xml,P2Y7M28D,CHI,eng,Naima,Target_Child,female
nai67.xml,P2Y8M11D,CHI,eng,Naima,Target_Child,female
nai68.xml,P2Y8M20D,CHI,eng,Naima,Target_Child,female
nai69.xml,P1Y9M10D,CHI,eng,Naima,Target_Child,female
nai70.xml,P2Y9M17D,CHI,eng,Naima,Target_Child,female
nai71.xml,P2Y9M24D,CHI,eng,Naima,Target_Child,female
nai72.xml,P2Y10M1D,CHI,eng,Naima,Target_Child,female
nai73a.xml,P2Y10M8D,CHI,eng,Naima,Target_Child,female
nai73b.xml,P2Y10M8D,CHI,eng,Naima,Target_Child,female
nai74.xml,P2Y10M19D,CHI,eng,Naima,Target_Child,female
nai75.xml,P2Y10M28D,CHI,eng,Naima,Target_Child,female
nai76.xml,P2Y11M14D,CHI,eng,Naima,Target_Child,female
nai77.xml,P2Y11M24D,CHI,eng,Naima,Target_Child,female
nai78.xml,P3Y,CHI,eng,Naima,Target_Child,female
nai79.xml,P3Y1M1D,CHI,eng,Naima,Target_Child,female
nai80.xml,P3Y2M20D,CHI,eng,Naima,Target_Child,female
nai81.xml,P3Y3M26D,CHI,eng,Naima,Target_Child,female
nai82.xml,P3Y6M24D,CHI,eng,Naima,Target_Child,female
nai83.xml,P3Y10M10D,CHI,eng,Naima,Target_Child,female
vio01.xml,P1Y2M,CHI,eng,Violet,Target_Child,female
vio02.xml,P1Y2M14D,CHI,eng,Violet,Target_Child,female
vio03.xml,P1Y3M9D,CHI,eng,Violet,Target_Child,female
vio04.xml,P1Y3M26D,CHI,eng,Violet,Target_Child,female
vio05.xml,P1Y4M7D,CHI,eng,Violet,Target_Child,female
vio06.xml,P1Y4M20D,CHI,eng,Violet,Target_Child,female
vio07.xml,P1Y5M3D,CHI,eng,Violet,Target_Child,female
vio08.xml,P1Y5M20D,CHI,eng,Violet,Target_Child,female
vio09.xml,P1Y6M3D,CHI,eng,Violet,Target_Child,female
vio10.xml,P1Y6M18D,CHI,eng,Violet,Target_Child,female
vio11.xml,P1Y7M4D,CHI,eng,Violet,Target_Child,female
vio12.xml,P1Y7M22D,CHI,eng,Violet,Target_Child,female
vio13.xml,P1Y8M5D,CHI,eng,Violet,Target_Child,female
vio14.xml,P1Y8M22D,CHI,eng,Violet,Target_Child,female
vio15.xml,P1Y9M7D,CHI,eng,Violet,Target_Child,female
vio16.xml,P1Y9M25D,CHI,eng,Violet,Target_Child,female
vio17.xml,P1Y10M12D,CHI,eng,Violet,Target_Child,female
vio18.xml,P1Y10M28D,CHI,eng,Violet,Target_Child,female
vio19.xml,P1Y11M15D,CHI,eng,Violet,Target_Child,female
vio20.xml,P1Y11M29D,CHI,eng,Violet,Target_Child,female
vio21.xml,P2Y0M13D,CHI,eng,Violet,Target_Child,female
vio22.xml,P2Y0M27D,CHI,eng,Violet,Target_Child,female
vio23.xml,P2Y1M10D,CHI,eng,Violet,Target_Child,female
vio24.xml,P2Y1M19D,CHI,eng,Violet,Target_Child,female
vio25.xml,P2Y2M11D,CHI,eng,Violet,Target_Child,female
vio26.xml,P2Y3M5D,CHI,eng,Violet,Target_Child,female
vio27.xml,P2Y3M12D,CHI,eng,Violet,Target_Child,female
vio28.xml,P2Y3M19D,CHI,eng,Violet,Target_Child,female
vio31.xml,P2Y5M1D,CHI,eng,Violet,Target_Child,female
vio32.xml,P2Y5M15D,CHI,eng,Violet,Target_Child,female
vio33.xml,P2Y5M28D,CHI,eng,Violet,Target_Child,female
vio34.xml,P2Y6M16D,CHI,eng,Violet,Target_Child,female
vio35.xml,P2Y6M28D,CHI,eng,Violet,Target_Child,female
vio36.xml,P2Y7M7D,CHI,eng,Violet,Target_Child,female
vio37.xml,P2Y7M24D,CHI,eng,Violet,Target_Child,female
vio38.xml,P2Y8M7D,CHI,eng,Violet,Target_Child,female
vio39.xml,P2Y8M19D,CHI,eng,Violet,Target_Child,female
vio40.xml,P2Y9M8D,CHI,eng,Violet,Target_Child,female
vio41.xml,P2Y10M2D,CHI,eng,Violet,Target_Child,female
vio42.xml,P2Y10M16D,CHI,eng,Violet,Target_Child,female
vio43.xml,P2Y10M29D,CHI,eng,Violet,Target_Child,female
vio44.xml,P2Y11M27D,CHI,eng,Violet,Target_Child,female
vio45.xml,P3Y1M19D,CHI,eng,Violet,Target_Child,female
vio47.xml,P3Y4M,CHI,eng,Violet,Target_Child,female
vio48.xml,P3Y4M24D,CHI,eng,Violet,Target_Child,female
vio49.xml,P3Y6M,CHI,eng,Violet,Target_Child,female
vio50.xml,P3Y6M21D,CHI,eng,Violet,Target_Child,female
vio51.xml,P3Y7M22D,CHI,eng,Violet,Target_Child,female
vio52.xml,P3Y8M23D,CHI,eng,Violet,Target_Child,female
vio53.xml,P3Y10M18D,CHI,eng,Violet,Target_Child,female
vio54.xml,P3Y11M24D,CHI,eng,Violet,Target_Child,female
wil01.xml,P1Y4M12D,CHI,eng,William,Target_Child,male
wil02.xml,P1Y4M25D,CHI,eng,William,Target_Child,male
wil03.xml,P1Y6M5D,CHI,eng,William,Target_Child,male
wil04.xml,P1Y6M19D,CHI,eng,William,Target_Child,male
wil05.xml,P1Y7M8D,CHI,eng,William,Target_Child,male
wil06.xml,P1Y7M18D,CHI,eng,William,Target_Child,male
wil07.xml,P1Y8M2D,CHI,eng,William,Target_Child,male
wil08.xml,P1Y8M14D,CHI,eng,William,Target_Child,male
wil09.xml,P1Y8M27D,CHI,eng,William,Target_Child,male
wil10.xml,P1Y9M12D,CHI,eng,William,Target_Child,male
wil11.xml,P1Y9M25D,CHI,eng,William,Target_Child,male
wil12.xml,P1Y10M12D,CHI,eng,William,Target_Child,male
wil13.xml,P1Y11M,CHI,eng,William,Target_Child,male
wil14.xml,P1Y11M15D,CHI,eng,William,Target_Child,male
wil15.xml,P2Y0M12D,CHI,eng,William,Target_Child,male
wil16.xml,P2Y0M26D,CHI,eng,William,Target_Child,male
wil17.xml,P2Y1M9D,CHI,eng,William,Target_Child,male
wil18.xml,P2Y1M25D,CHI,eng,William,Target_Child,male
wil19.xml,P2Y2M9D,CHI,eng,William,Target_Child,male
wil20.xml,P2Y2M21D,CHI,eng,William,Target_Child,male
wil21.xml,P2Y3M7D,CHI,eng,William,Target_Child,male
wil22.xml,P2Y3M19D,CHI,eng,William,Target_Child,male
wil23.xml,P2Y4M3D,CHI,eng,William,Target_Child,male
wil24.xml,P2Y4M16D,CHI,eng,William,Target_Child,male
wil25.xml,P2Y5M,CHI,eng,William,Target_Child,male
wil26.xml,P2Y5M16D,CHI,eng,William,Target_Child,male
wil27.xml,P2Y5M27D,CHI,eng,William,Target_Child,male
wil28.xml,P2Y6M12D,CHI,eng,William,Target_Child,male
wil29.xml,P2Y6M24D,CHI,eng,William,Target_Child,male
wil30.xml,P2Y7M8D,CHI,eng,William,Target_Child,male
wil31.xml,P2Y7M24D,CHI,eng,William,Target_Child,male
wil32.xml,P2Y8M8D,CHI,eng,William,Target_Child,male
wil33.xml,P2Y8M22D,CHI,eng,William,Target_Child,male
wil34.xml,P2Y9M5D,CHI,eng,William,Target_Child,male
wil35.xml,P2Y11M,CHI,eng,William,Target_Child,male
wil36.xml,P2Y11M14D,CHI,eng,William,Target_Child,male
wil37.xml,P3Y0M11D,CHI,eng,William,Target_Child,male
wil38.xml,P3Y0M26D,CHI,eng,William,Target_Child,male
wil39.xml,P3Y1M15D,CHI,eng,William,Target_Child,male
wil40.xml,P3Y1M23D,CHI,eng,William,Target_Child,male
wil41.xml,P3Y2M21D,CHI,eng,William,Target_Child,male
wil42.xml,P3Y3M5D,CHI,eng,William,Target_Child,male
wil43.xml,P3Y3M23D,CHI,eng,William,Target_Child,male
wil44.xml,P3Y4M18D,CHI,eng,William,Target_Child,male
